,metric,time,rh_Avg(1),rh_Avg(2),SpecificHumidity(g/kg),pressure_Avg
0,RMSE,all,35.26,51.49,0.01,4.62
1,ME,all,-4.77,-6.33,0.1,-0.15
2,R2,all,0.67,0.5,0.97,0.96
3,N,all,10060.0,10060.0,10060.0,10060.0
4,RMSE,night,41.52,50.64,0.0,3.47
5,ME,night,-5.98,-6.73,0.05,0.47
6,R2,night,0.59,0.5,0.91,0.96
7,N,night,1483.0,1483.0,1483.0,1483.0
8,RMSE,day,33.41,60.18,0.02,10.42
9,ME,day,-2.84,-5.96,0.15,-0.74
10,R2,day,0.03,-0.42,0.96,0.77
11,N,day,2217.0,2217.0,2217.0,2217.0
